model,feature_set,AUROC,AUPRC,F1
RandomForest,signature,0.7642075212324237,0.5013696642445998,0.5859602649006623
LightGBM,signature,0.7644506164808,0.5015166756394732,0.5859602649006623
XGBoost,signature,0.7644518995926617,0.5015169086925334,0.5859602649006623
RandomForest,functional,0.987812726556836,0.9632338195409802,0.8858700354763347
LightGBM,functional,0.9850362168976079,0.9609287516969023,0.901818181818182
XGBoost,functional,0.9841859848390154,0.9585943318973293,0.9010061668289515
RandomForest,all,0.9863884629210028,0.959242219620426,0.8811493252067915
LightGBM,all,0.98383694053482,0.9581000798837505,0.8983133311709373
XGBoost,all,0.9833290602394031,0.9560973660565928,0.8959298074579576
